–î–∞—Ç–∞,–ü—Ä–æ–¥—É–∫—Ç,–ú–∏–Ω–∏–º–∞–ª—å–Ω–∞—è —Ü–µ–Ω–∞,–°—Ä–µ–¥–Ω—è—è —Ü–µ–Ω–∞
05-02-2025,"üç≤ –ö—Ä—É–ø–∞ –≥—Ä–µ—á–Ω–µ–≤–∞—è, 800–≥",90.0,200.0
12-02-2025,"üç≤ –ö—Ä—É–ø–∞ –≥—Ä–µ—á–Ω–µ–≤–∞—è, 800–≥",80.0,100.0
19-02-2025,"üç≤ –ö—Ä—É–ø–∞ –≥—Ä–µ—á–Ω–µ–≤–∞—è, 800–≥",90.0,200.0
26-02-2025,"üç≤ –ö—Ä—É–ø–∞ –≥—Ä–µ—á–Ω–µ–≤–∞—è, 800–≥",80.0,100.0
04-03-2025,"üç≤ –ö—Ä—É–ø–∞ –≥—Ä–µ—á–Ω–µ–≤–∞—è, 800–≥",33.99,92.66283333333335
05-03-2025,"üç≤ –ö—Ä—É–ø–∞ –≥—Ä–µ—á–Ω–µ–≤–∞—è, 800–≥",33.99,93.10033333333335
06-03-2025,"üç≤ –ö—Ä—É–ø–∞ –≥—Ä–µ—á–Ω–µ–≤–∞—è, 800–≥",32.99,93.06075
06-03-2025,"üç≤ –ö—Ä—É–ø–∞ –≥—Ä–µ—á–Ω–µ–≤–∞—è, 800–≥",32.99,92.6953653846154
06-03-2025,"üç≤ –ö—Ä—É–ø–∞ –≥—Ä–µ—á–Ω–µ–≤–∞—è, 800–≥",32.99,92.6953653846154
