Название,Цена
Масло сливочное Волгодонское Традиционное 82.5% 180г,259.99
Масло сливочное Крестьянское 72.5% 180г,129.99
Масло сливочное Вкуснотеево Крестьянское 72.5% 180г,219.99
Масло сливочное Традиционное 82.5% 180г,139.99
Масло сливочное Чабан 82.5% 180г,289.99
Масло сливочное Schonfeld 82.5% 180г,239.99
Масло сливочное традиционное Золотая пчелка 82.5% 180г,169.99
Масло сливочное Белорусское 82.5% 180г,259.99
Масло сливочное Домик в деревне Крестьянское 72.5% 180г,229.99
Масло сливочное Рогачевъ Традиционное 82.5% 180г,244.99
Масло сливочное Экомилк 82.5% 180г,249.99
Масло сливочное Магнит Традиционное 82.5% 180г,184.69
Масло сливочное Gutendorf 82.5% 180г,219.99
Масло сливочное МолПромКубан крестьянское 72.5% 180г,139.99
Масло сливочное Вкуснотеево соленое 82.5% 180г,309.99
Масло сливочное Из Приэльбрусья несоленое 82.5% 180г,249.99
Масло сливочное Ключевское Традиционное 82.5% 180г,309.99
Масло сливочное Чабан 72.5% 180г,269.99
Масло сливочное Экомилк Шоколадное 62% 180г,259.99
